org_item_id;definition;type;category;lexical_category;lexical_class;uni_lemma;complexity_category;form;item_id
item_1;gę gę;word;sounds;other;other;quack quack;;WS;item_1
item_2;hau hau;word;sounds;other;other;woof woof;;WS;item_2
item_3;ko ko ko;word;sounds;other;other;cluck cluck;;WS;item_3
item_4;kwa kwa;word;sounds;other;other;quack quack;;WS;item_4
item_5;miau;word;sounds;other;other;meow;;WS;item_5
item_6;mee/bee;word;sounds;other;other;baa baa;;WS;item_6
item_7;muu [krowa];word;sounds;other;other;moo;;WS;item_7
item_8;pi pi pi/ćwir ćwir;word;sounds;other;other;tweet tweet;;WS;item_8
item_9;bam/bum/bęc;word;sounds;other;other;boom;;WS;item_9
item_10;brrum brrum [auto];word;sounds;other;other;vroom;;WS;item_10
item_11;tik tak;word;sounds;other;other;tick-tock;;WS;item_11
item_12;tralala/lalala;word;sounds;other;other;;;WS;item_12
item_13;baran;word;animals;nouns;nouns;ram;;WS;item_13
item_14;biedronka;word;animals;nouns;nouns;ladybug;;WS;item_14
item_15;bocian;word;animals;nouns;nouns;stork;;WS;item_15
item_16;foka;word;animals;nouns;nouns;seal;;WS;item_16
item_17;gęś;word;animals;nouns;nouns;goose;;WS;item_17
item_18;gołąb;word;animals;nouns;nouns;pigeon;;WS;item_18
item_19;jeż;word;animals;nouns;nouns;hedgehog;;WS;item_19
item_20;kaczka;word;animals;nouns;nouns;duck;;WS;item_20
item_21;kogut;word;animals;nouns;nouns;rooster;;WS;item_21
item_22;koń;word;animals;nouns;nouns;horse;;WS;item_22
item_23;kot;word;animals;nouns;nouns;cat;;WS;item_23
item_24;koza;word;animals;nouns;nouns;goat;;WS;item_24
item_25;krowa;word;animals;nouns;nouns;cow;;WS;item_25
item_26;królik;word;animals;nouns;nouns;rabbit;;WS;item_26
item_27;kura;word;animals;nouns;nouns;hen;;WS;item_27
item_28;kurczątko;word;animals;nouns;nouns;chick;;WS;item_28
item_29;lew;word;animals;nouns;nouns;lion;;WS;item_29
item_30;lis;word;animals;nouns;nouns;fox;;WS;item_30
item_31;małpa;word;animals;nouns;nouns;monkey;;WS;item_31
item_32;miś/niedźwiedź;word;animals;nouns;nouns;bear/teddybear;;WS;item_32
item_33;motylek;word;animals;nouns;nouns;butterfly;;WS;item_33
item_34;mrówka;word;animals;nouns;nouns;ant;;WS;item_34
item_35;mucha;word;animals;nouns;nouns;housefly;;WS;item_35
item_36;myszka;word;animals;nouns;nouns;mouse;;WS;item_36
item_37;pająk;word;animals;nouns;nouns;spider;;WS;item_37
item_38;pies;word;animals;nouns;nouns;dog;;WS;item_38
item_39;pingwin;word;animals;nouns;nouns;penguin;;WS;item_39
item_40;ptaszek;word;animals;nouns;nouns;bird;;WS;item_40
item_41;robak;word;animals;nouns;nouns;bug;;WS;item_41
item_42;ryba;word;animals;nouns;nouns;fish (animal);;WS;item_42
item_43;słoń;word;animals;nouns;nouns;elephant;;WS;item_43
item_44;sowa;word;animals;nouns;nouns;owl;;WS;item_44
item_45;ślimak;word;animals;nouns;nouns;snail;;WS;item_45
item_46;świnka;word;animals;nouns;nouns;pig;;WS;item_46
item_47;tygrys;word;animals;nouns;nouns;tiger;;WS;item_47
item_48;wąż;word;animals;nouns;nouns;snake;;WS;item_48
item_49;wiewiórka;word;animals;nouns;nouns;squirrel;;WS;item_49
item_50;wilk;word;animals;nouns;nouns;wolf;;WS;item_50
item_51;zając;word;animals;nouns;nouns;hare;;WS;item_51
item_52;zwierzątko;word;animals;nouns;nouns;animal/pet;;WS;item_52
item_53;żaba;word;animals;nouns;nouns;frog;;WS;item_53
item_54;żółw;word;animals;nouns;nouns;turtle;;WS;item_54
item_55;żyrafa;word;animals;nouns;nouns;giraffe;;WS;item_55
item_56;auto/samochód;word;vehicles;nouns;nouns;car;;WS;item_56
item_57;autobus;word;vehicles;nouns;nouns;bus;;WS;item_57
item_58;ciężarówka;word;vehicles;nouns;nouns;truck;;WS;item_58
item_59;helikopter;word;vehicles;nouns;nouns;helicopter;;WS;item_59
item_60;koparka;word;vehicles;nouns;nouns;digger/excavator;;WS;item_60
item_61;lokomotywa;word;vehicles;nouns;nouns;locomotive;;WS;item_61
item_62;motor/motocykl;word;vehicles;nouns;nouns;motorcycle;;WS;item_62
item_63;pociąg;word;vehicles;nouns;nouns;train;;WS;item_63
item_64;pogotowie/karetka;word;vehicles;nouns;nouns;emergency/ambulance;;WS;item_64
item_65;rower;word;vehicles;nouns;nouns;bicycle;;WS;item_65
item_66;samolot;word;vehicles;nouns;nouns;airplane;;WS;item_66
item_67;statek;word;vehicles;nouns;nouns;ship;;WS;item_67
item_68;traktor;word;vehicles;nouns;nouns;tractor;;WS;item_68
item_69;tramwaj;word;vehicles;nouns;nouns;tram;;WS;item_69
item_70;banan;word;food_drink;nouns;nouns;banana;;WS;item_70
item_71;barszcz;word;food_drink;nouns;nouns;borsch;;WS;item_71
item_72;batonik;word;food_drink;nouns;nouns;bar;;WS;item_72
item_73;budyń;word;food_drink;nouns;nouns;pudding;;WS;item_73
item_74;bułka;word;food_drink;nouns;nouns;roll;;WS;item_74
item_75;buraczki;word;food_drink;nouns;nouns;beets;;WS;item_75
item_76;cebula;word;food_drink;nouns;nouns;onion;;WS;item_76
item_77;chleb;word;food_drink;nouns;nouns;bread;;WS;item_77
item_78;chrupki;word;food_drink;nouns;nouns;crisps;;WS;item_78
item_79;ciasto;word;food_drink;nouns;nouns;cake;;WS;item_79
item_80;ciastko;word;food_drink;nouns;nouns;cookie;;WS;item_80
item_81;cukier;word;food_drink;nouns;nouns;sugar;;WS;item_81
item_82;cukierek;word;food_drink;nouns;nouns;candy;;WS;item_82
item_83;czekolada;word;food_drink;nouns;nouns;chocolate;;WS;item_83
item_84;dżem;word;food_drink;nouns;nouns;jam;;WS;item_84
item_85;galaretka;word;food_drink;nouns;nouns;jelly;;WS;item_85
item_86;groszek;word;food_drink;nouns;nouns;peas;;WS;item_86
item_87;grzyby;word;food_drink;nouns;nouns;mushrooms;;WS;item_87
item_88;guma do żucia;word;food_drink;nouns;nouns;chewing gum;;WS;item_88
item_89;herbata;word;food_drink;nouns;nouns;tea;;WS;item_89
item_90;jabłko;word;food_drink;nouns;nouns;apple;;WS;item_90
item_91;jajko;word;food_drink;nouns;nouns;egg;;WS;item_91
item_92;jedzenie/papu/am;word;food_drink;nouns;nouns;food;;WS;item_92
item_93;jogurt;word;food_drink;nouns;nouns;yoghurt;;WS;item_93
item_94;kakao;word;food_drink;nouns;nouns;cocoa;;WS;item_94
item_95;kanapka/kromka;word;food_drink;nouns;nouns;sandwich/slice;;WS;item_95
item_96;kapusta;word;food_drink;nouns;nouns;cabbage;;WS;item_96
item_97;kaszka;word;food_drink;nouns;nouns;porridge;;WS;item_97
item_98;kawa;word;food_drink;nouns;nouns;coffe;;WS;item_98
item_99;ketchup;word;food_drink;nouns;nouns;ketchup;;WS;item_99
item_100;kiełbasa;word;food_drink;nouns;nouns;sausage;;WS;item_100
item_101;kotlet;word;food_drink;nouns;nouns;cutlet;;WS;item_101
item_102;kurczak;word;food_drink;nouns;nouns;chicken (food);;WS;item_102
item_103;lizak;word;food_drink;nouns;nouns;lollipop;;WS;item_103
item_104;lody;word;food_drink;nouns;nouns;ice cream;;WS;item_104
item_105;makaron/kluski;word;food_drink;nouns;nouns;pasta;;WS;item_105
item_106;mandarynka;word;food_drink;nouns;nouns;mandarin;;WS;item_106
item_107;marchewka;word;food_drink;nouns;nouns;carrot;;WS;item_107
item_108;masło/margaryna;word;food_drink;nouns;nouns;butter;;WS;item_108
item_109;mięso;word;food_drink;nouns;nouns;meat;;WS;item_109
item_110;miód;word;food_drink;nouns;nouns;honey;;WS;item_110
item_111;mleko;word;food_drink;nouns;nouns;milk;;WS;item_111
item_112;naleśniki;word;food_drink;nouns;nouns;pancakes;;WS;item_112
item_113;orzechy;word;food_drink;nouns;nouns;nuts;;WS;item_113
item_114;ogórek;word;food_drink;nouns;nouns;cucumber;;WS;item_114
item_115;paluszki;word;food_drink;nouns;nouns;breadsticks;;WS;item_115
item_116;parówka/kiełbaska;word;food_drink;nouns;nouns;sausages;;WS;item_116
item_117;picie;word;food_drink;nouns;nouns;drink (beverage);;WS;item_117
item_118;pierogi;word;food_drink;nouns;nouns;dumplings;;WS;item_118
item_119;placek;word;food_drink;nouns;nouns;pie;;WS;item_119
item_120;pomarańcza;word;food_drink;nouns;nouns;orange (food);;WS;item_120
item_121;pomidor;word;food_drink;nouns;nouns;tomato;;WS;item_121
item_122;rodzynki;word;food_drink;nouns;nouns;raisin;;WS;item_122
item_123;rosół;word;food_drink;nouns;nouns;chicken soup;;WS;item_123
item_124;ryba;word;food_drink;nouns;nouns;fish;;WS;item_124
item_125;ryż;word;food_drink;nouns;nouns;rice;;WS;item_125
item_126;ser;word;food_drink;nouns;nouns;cheese;;WS;item_126
item_127;sok;word;food_drink;nouns;nouns;juice;;WS;item_127
item_128;sos;word;food_drink;nouns;nouns;sauce;;WS;item_128
item_129;sól;word;food_drink;nouns;nouns;salt;;WS;item_129
item_130;szynka;word;food_drink;nouns;nouns;ham;;WS;item_130
item_131;truskawki;word;food_drink;nouns;nouns;strawberries;;WS;item_131
item_132;witaminy;word;food_drink;nouns;nouns;vitamins;;WS;item_132
item_133;woda;word;food_drink;nouns;nouns;water (beverage);;WS;item_133
item_134;ziemniaki/kartofle;word;food_drink;nouns;nouns;potatoes;;WS;item_134
item_135;zupa;word;food_drink;nouns;nouns;soup;;WS;item_135
item_136;bajka;word;toys;nouns;nouns;fairytale;;WS;item_136
item_137;balonik;word;toys;nouns;nouns;balloon;;WS;item_137
item_138;grabki;word;toys;nouns;nouns;rake;;WS;item_138
item_139;gumka;word;toys;nouns;nouns;rubber;;WS;item_139
item_140;kartka/papier;word;toys;nouns;nouns;paper;;WS;item_140
item_141;klocki;word;toys;nouns;nouns;block;;WS;item_141
item_142;kredki;word;toys;nouns;nouns;crayon;;WS;item_142
item_143;książka;word;toys;nouns;nouns;book;;WS;item_143
item_144;lalka;word;toys;nouns;nouns;doll;;WS;item_144
item_145;łopatka;word;toys;nouns;nouns;shovel;;WS;item_145
item_146;obrazek;word;toys;nouns;nouns;picture;;WS;item_146
item_147;ołówek;word;toys;nouns;nouns;pencil;;WS;item_147
item_148;piłka;word;toys;nouns;nouns;ball;;WS;item_148
item_149;pisak/długopis;word;toys;nouns;nouns;pen;;WS;item_149
item_150;prezent;word;toys;nouns;nouns;gift/present;;WS;item_150
item_151;smoczek;word;toys;nouns;nouns;pacifier;;WS;item_151
item_152;wiaderko;word;toys;nouns;nouns;pail;;WS;item_152
item_153;zabawka;word;toys;nouns;nouns;toy (object);;WS;item_153
item_154;bluzka;word;clothing;nouns;nouns;t-shirt;;WS;item_154
item_155;buty;word;clothing;nouns;nouns;shoes;;WS;item_155
item_156;chustka;word;clothing;nouns;nouns;scarf;;WS;item_156
item_157;czapka;word;clothing;nouns;nouns;cap;;WS;item_157
item_158;guzik;word;clothing;nouns;nouns;button;;WS;item_158
item_159;kalosze/gumowce;word;clothing;nouns;nouns;rubber boots;;WS;item_159
item_160;kapelusz;word;clothing;nouns;nouns;hat;;WS;item_160
item_161;kieszeń;word;clothing;nouns;nouns;pocket;;WS;item_161
item_162;koszula;word;clothing;nouns;nouns;shirt;;WS;item_162
item_163;kurtka;word;clothing;nouns;nouns;jacket;;WS;item_163
item_164;majtki;word;clothing;nouns;nouns;panties;;WS;item_164
item_165;pantofle/kapcie;word;clothing;nouns;nouns;slippers;;WS;item_165
item_166;pasek;word;clothing;nouns;nouns;belt;;WS;item_166
item_167;pieluszka/pampers;word;clothing;nouns;nouns;diaper;;WS;item_167
item_168;piżama;word;clothing;nouns;nouns;pajamas;;WS;item_168
item_169;rajstopy/rajtuzy;word;clothing;nouns;nouns;tights;;WS;item_169
item_170;rękawiczki;word;clothing;nouns;nouns;gloves/mittens;;WS;item_170
item_171;skarpetki;word;clothing;nouns;nouns;socks;;WS;item_171
item_172;spodnie;word;clothing;nouns;nouns;pants;;WS;item_172
item_173;sukienka;word;clothing;nouns;nouns;dress (object);;WS;item_173
item_174;sweter;word;clothing;nouns;nouns;sweater;;WS;item_174
item_175;szalik;word;clothing;nouns;nouns;scarf;;WS;item_175
item_176;śliniaczek;word;clothing;nouns;nouns;bib;;WS;item_176
item_177;ubranie;word;clothing;nouns;nouns;cloth;;WS;item_177
item_178;broda;word;body_parts;nouns;nouns;beard/chin;;WS;item_178
item_179;brzuch;word;body_parts;nouns;nouns;tummy;;WS;item_179
item_180;buzia;word;body_parts;nouns;nouns;face/mouth;;WS;item_180
item_181;czoło;word;body_parts;nouns;nouns;forehead;;WS;item_181
item_182;gardło;word;body_parts;nouns;nouns;throat;;WS;item_182
item_183;głowa;word;body_parts;nouns;nouns;head;;WS;item_183
item_184;język;word;body_parts;nouns;nouns;tongue;;WS;item_184
item_185;kolano;word;body_parts;nouns;nouns;knee;;WS;item_185
item_186;krew;word;body_parts;nouns;nouns;blood;;WS;item_186
item_187;łokieć;word;body_parts;nouns;nouns;elbow;;WS;item_187
item_188;noga;word;body_parts;nouns;nouns;leg;;WS;item_188
item_189;nos;word;body_parts;nouns;nouns;nose;;WS;item_189
item_190;oko;word;body_parts;nouns;nouns;eye;;WS;item_190
item_191;palec;word;body_parts;nouns;nouns;finger/toe;;WS;item_191
item_192;paznokcie/pazurki;word;body_parts;nouns;nouns;nails;;WS;item_192
item_193;pępek;word;body_parts;nouns;nouns;belly button;;WS;item_193
item_194;plecy;word;body_parts;nouns;nouns;back;;WS;item_194
item_195;policzek;word;body_parts;nouns;nouns;cheek;;WS;item_195
item_196;pupa;word;body_parts;nouns;nouns;bottom;;WS;item_196
item_197;ręka;word;body_parts;nouns;nouns;hand;;WS;item_197
item_198;serce;word;body_parts;nouns;nouns;heart;;WS;item_198
item_199;skóra;word;body_parts;nouns;nouns;skin;;WS;item_199
item_200;szyja;word;body_parts;nouns;nouns;neck;;WS;item_200
item_201;ucho;word;body_parts;nouns;nouns;ear;;WS;item_201
item_202;włosy;word;body_parts;nouns;nouns;hair;;WS;item_202
item_203;ząb;word;body_parts;nouns;nouns;tooth;;WS;item_203
item_204;balkon;word;furniture_rooms;nouns;nouns;balcony;;WS;item_204
item_205;dach;word;furniture_rooms;nouns;nouns;roof;;WS;item_205
item_206;drzwi;word;furniture_rooms;nouns;nouns;door;;WS;item_206
item_207;dywan;word;furniture_rooms;nouns;nouns;carpet;;WS;item_207
item_208;firanka/zasłona;word;furniture_rooms;nouns;nouns;curtain;;WS;item_208
item_209;fotel;word;furniture_rooms;nouns;nouns;armchair;;WS;item_209
item_210;korytarz/przedpokój;word;furniture_rooms;nouns;nouns;corridor;;WS;item_210
item_211;kran;word;furniture_rooms;nouns;nouns;tap;;WS;item_211
item_212;krzesło;word;furniture_rooms;nouns;nouns;chair;;WS;item_212
item_213;kuchnia;word;furniture_rooms;nouns;nouns;kitchen;;WS;item_213
item_214;lodówka;word;furniture_rooms;nouns;nouns;fridge;;WS;item_214
item_215;łazienka;word;furniture_rooms;nouns;nouns;bathroom;;WS;item_215
item_216;łóżko;word;furniture_rooms;nouns;nouns;bed;;WS;item_216
item_217;odkurzacz;word;furniture_rooms;nouns;nouns;vacuum cleaner;;WS;item_217
item_218;okno;word;furniture_rooms;nouns;nouns;window;;WS;item_218
item_219;podłoga;word;furniture_rooms;nouns;nouns;floor;;WS;item_219
item_220;pokój;word;furniture_rooms;nouns;nouns;room;;WS;item_220
item_221;półka/regał;word;furniture_rooms;nouns;nouns;shelf;;WS;item_221
item_222;pralka;word;furniture_rooms;nouns;nouns;washing machine;;WS;item_222
item_223;prysznic;word;furniture_rooms;nouns;nouns;shower;;WS;item_223
item_224;schody;word;furniture_rooms;nouns;nouns;stairs;;WS;item_224
item_225;stołek;word;furniture_rooms;nouns;nouns;stool;;WS;item_225
item_226;stół;word;furniture_rooms;nouns;nouns;table;;WS;item_226
item_227;sufit;word;furniture_rooms;nouns;nouns;ceiling;;WS;item_227
item_228;szafa;word;furniture_rooms;nouns;nouns;wardrobe;;WS;item_228
item_229;szuflada;word;furniture_rooms;nouns;nouns;drawer;;WS;item_229
item_230;ściana;word;furniture_rooms;nouns;nouns;wall;;WS;item_230
item_231;telewizor;word;furniture_rooms;nouns;nouns;tv;;WS;item_231
item_232;ubikacja/ustęp;word;furniture_rooms;nouns;nouns;toilet;;WS;item_232
item_233;wanna;word;furniture_rooms;nouns;nouns;bathtub;;WS;item_233
item_234;wózek;word;furniture_rooms;nouns;nouns;stroller;;WS;item_234
item_235;aparat/kamera;word;household;nouns;nouns;camera;;WS;item_235
item_236;butelka;word;household;nouns;nouns;bottle;;WS;item_236
item_237;czajnik;word;household;nouns;nouns;kettle;;WS;item_237
item_238;deska;word;household;nouns;nouns;board;;WS;item_238
item_239;garnek;word;household;nouns;nouns;pot;;WS;item_239
item_240;gazeta;word;household;nouns;nouns;newspaper;;WS;item_240
item_241;grzebień;word;household;nouns;nouns;comb;;WS;item_241
item_242;igła;word;household;nouns;nouns;needle;;WS;item_242
item_243;klucz;word;household;nouns;nouns;key;;WS;item_243
item_244;koc/kołdra;word;household;nouns;nouns;blanket;;WS;item_244
item_245;koszyk;word;household;nouns;nouns;basket;;WS;item_245
item_246;kubek;word;household;nouns;nouns;cup;;WS;item_246
item_247;lampa;word;household;nouns;nouns;lamp;;WS;item_247
item_248;lekarstwa/tabletki;word;household;nouns;nouns;medicine;;WS;item_248
item_249;lustro;word;household;nouns;nouns;mirror;;WS;item_249
item_250;łyżka;word;household;nouns;nouns;spoon;;WS;item_250
item_251;miotła;word;household;nouns;nouns;broom;;WS;item_251
item_252;miska;word;household;nouns;nouns;bowl;;WS;item_252
item_253;młotek;word;household;nouns;nouns;hammer;;WS;item_253
item_254;mydło;word;household;nouns;nouns;soap;;WS;item_254
item_255;nici;word;household;nouns;nouns;threads;;WS;item_255
item_256;nocnik;word;household;nouns;nouns;potty;;WS;item_256
item_257;nożyczki;word;household;nouns;nouns;scissors;;WS;item_257
item_258;nóż;word;household;nouns;nouns;knife;;WS;item_258
item_259;obraz;word;household;nouns;nouns;picture;;WS;item_259
item_260;okulary;word;household;nouns;nouns;glasses;;WS;item_260
item_261;pieniądze;word;household;nouns;nouns;money;;WS;item_261
item_262;poduszka;word;household;nouns;nouns;pillow;;WS;item_262
item_263;pudełko;word;household;nouns;nouns;box;;WS;item_263
item_264;radio;word;household;nouns;nouns;radio;;WS;item_264
item_265;ręcznik;word;household;nouns;nouns;towel;;WS;item_265
item_266;słoik;word;household;nouns;nouns;jar;;WS;item_266
item_267;syrop;word;household;nouns;nouns;syrup;;WS;item_267
item_268;szczoteczka do zębów;word;household;nouns;nouns;toothbrush;;WS;item_268
item_269;szczotka;word;household;nouns;nouns;brush;;WS;item_269
item_270;szklanka;word;household;nouns;nouns;glass;;WS;item_270
item_271;szmata/ścierka;word;household;nouns;nouns;dishrag;;WS;item_271
item_272;sznurek;word;household;nouns;nouns;twine;;WS;item_272
item_273;śmieci;word;household;nouns;nouns;garbage;;WS;item_273
item_274;talerz;word;household;nouns;nouns;plate;;WS;item_274
item_275;telefon/komórka;word;household;nouns;nouns;mobile/phone;;WS;item_275
item_276;termometr;word;household;nouns;nouns;thermometer;;WS;item_276
item_277;torebka;word;household;nouns;nouns;bag;;WS;item_277
item_278;widelec;word;household;nouns;nouns;fork;;WS;item_278
item_279;zapałki;word;household;nouns;nouns;matches;;WS;item_279
item_280;zdjęcie/fotografia;word;household;nouns;nouns;photo;;WS;item_280
item_281;zegarek;word;household;nouns;nouns;clock/watch;;WS;item_281
item_282;żelazko;word;household;nouns;nouns;iron;;WS;item_282
item_283;bałwan;word;outside;nouns;nouns;snowman;;WS;item_283
item_284;błoto;word;outside;nouns;nouns;mud;;WS;item_284
item_285;burza;word;outside;nouns;nouns;storm;;WS;item_285
item_286;deszcz;word;outside;nouns;nouns;rain;;WS;item_286
item_287;chmura;word;outside;nouns;nouns;cloud;;WS;item_287
item_288;drabina;word;outside;nouns;nouns;ladder;;WS;item_288
item_289;droga;word;outside;nouns;nouns;road;;WS;item_289
item_290;drzewo;word;outside;nouns;nouns;tree;;WS;item_290
item_291;gałąź;word;outside;nouns;nouns;branch;;WS;item_291
item_292;gwiazda;word;outside;nouns;nouns;star;;WS;item_292
item_293;huśtawka;word;outside;nouns;nouns;swing (object);;WS;item_293
item_294;kamień;word;outside;nouns;nouns;rock (object);;WS;item_294
item_295;kijek/patyk;word;outside;nouns;nouns;stick;;WS;item_295
item_296;księżyc;word;outside;nouns;nouns;moon;;WS;item_296
item_297;kwiatek;word;outside;nouns;nouns;flower;;WS;item_297
item_298;listek;word;outside;nouns;nouns;leaf;;WS;item_298
item_299;most;word;outside;nouns;nouns;bridge;;WS;item_299
item_300;mróz;word;outside;nouns;nouns;frost;;WS;item_300
item_301;niebo;word;outside;nouns;nouns;sky;;WS;item_301
item_302;ogień;word;outside;nouns;nouns;fire;;WS;item_302
item_303;piasek/piaskownica;word;outside;nouns;nouns;sand/sandpit;;WS;item_303
item_304;płot;word;outside;nouns;nouns;fence;;WS;item_304
item_305;sanki;word;outside;nouns;nouns;sled;;WS;item_305
item_306;słońce;word;outside;nouns;nouns;sun;;WS;item_306
item_307;śnieg;word;outside;nouns;nouns;snow;;WS;item_307
item_308;trawa;word;outside;nouns;nouns;grass;;WS;item_308
item_309;ulica;word;outside;nouns;nouns;street;;WS;item_309
item_310;wiatr;word;outside;nouns;nouns;wind;;WS;item_310
item_311;woda;word;outside;nouns;nouns;water (not beverage);;WS;item_311
item_312;ziemia;word;outside;nouns;nouns;earth;;WS;item_312
item_313;apteka;word;places;nouns;nouns;pharmacy;;WS;item_313
item_314;dom;word;places;nouns;nouns;home/house;;WS;item_314
item_315;góry;word;places;nouns;nouns;mountains;;WS;item_315
item_316;imieniny/urodziny;word;places;nouns;nouns;birthday/name-day;;WS;item_316
item_317;kościół;word;places;nouns;nouns;church;;WS;item_317
item_318;las;word;places;nouns;nouns;forest;;WS;item_318
item_319;miasto;word;places;nouns;nouns;city;;WS;item_319
item_320;morze;word;places;nouns;nouns;sea;;WS;item_320
item_321;na dwór/na pole;word;places;nouns;nouns;outside;;WS;item_321
item_322;park/ogród;word;places;nouns;nouns;park/garden;;WS;item_322
item_323;poczta;word;places;nouns;nouns;post office;;WS;item_323
item_324;podwórko;word;places;nouns;nouns;backyard;;WS;item_324
item_325;praca;word;places;nouns;nouns;work (place);;WS;item_325
item_326;rzeka;word;places;nouns;nouns;river;;WS;item_326
item_327;sklep;word;places;nouns;nouns;store;;WS;item_327
item_328;spacer;word;places;nouns;nouns;walk;;WS;item_328
item_329;szkoła/przedszkole;word;places;nouns;nouns;school/kindergarten;;WS;item_329
item_330;zoo;word;places;nouns;nouns;zoo;;WS;item_330
item_331;babcia;word;people;nouns;nouns;grandma;;WS;item_331
item_332;brat;word;people;nouns;nouns;brother;;WS;item_332
item_333;chłopiec;word;people;nouns;nouns;boy;;WS;item_333
item_334;ciocia;word;people;nouns;nouns;aunt;;WS;item_334
item_335;córeczka;word;people;nouns;nouns;daughter;;WS;item_335
item_336;doktor/lekarz;word;people;nouns;nouns;doctor;;WS;item_336
item_337;dziadek/dziadzio;word;people;nouns;nouns;grandpa;;WS;item_337
item_338;dzidzi/dzidziuś;word;people;nouns;nouns;baby;;WS;item_338
item_339;dzieci;word;people;nouns;nouns;children;;WS;item_339
item_340;dziewczynka;word;people;nouns;nouns;girl;;WS;item_340
item_341;fryzjer;word;people;nouns;nouns;hairdresser;;WS;item_341
item_342;goście;word;people;nouns;nouns;guests;;WS;item_342
item_343;imię zwierzątka;word;people;nouns;nouns;pet’s name;;WS;item_343
item_344;kolega/koleżanka;word;people;nouns;nouns;friend;;WS;item_344
item_345;krasnoludek;word;people;nouns;nouns;dwarf;;WS;item_345
item_346;król/królewna;word;people;nouns;nouns;king/princess;;WS;item_346
item_347;ksiądz;word;people;nouns;nouns;priest;;WS;item_347
item_348;ludzie;word;people;nouns;nouns;people;;WS;item_348
item_349;mama/mamusia;word;people;nouns;nouns;mommy;;WS;item_349
item_350;pan;word;people;nouns;nouns;sir;;WS;item_350
item_351;pani;word;people;nouns;nouns;lady;;WS;item_351
item_352;policjant;word;people;nouns;nouns;policeman;;WS;item_352
item_353;siostra;word;people;nouns;nouns;sister;;WS;item_353
item_354;synek;word;people;nouns;nouns;son;;WS;item_354
item_355;tata/tatuś;word;people;nouns;nouns;daddy;;WS;item_355
item_356;własne imię;word;people;nouns;nouns;child’s own name;;WS;item_356
item_357;wujek;word;people;nouns;nouns;uncle;;WS;item_357
item_358;cześć;word;games_routines;other;other;hello/hi;;WS;item_358
item_359;dzień dobry;word;games_routines;other;other;good morning;;WS;item_359
item_360;do widzenia;word;games_routines;other;other;goodbye;;WS;item_360
item_361;dobranoc;word;games_routines;other;other;good night;;WS;item_361
item_362;dziękuję;word;games_routines;other;other;thank you;;WS;item_362
item_363;proszę;word;games_routines;other;other;please;;WS;item_363
item_364;przepraszam;word;games_routines;other;other;sorry;;WS;item_364
item_365;halo;word;games_routines;other;other;halo;;WS;item_365
item_366;pa, pa!;word;games_routines;other;other;bye;;WS;item_366
item_367;tak;word;games_routines;other;other;yes;;WS;item_367
item_368;nie;word;games_routines;other;other;no;;WS;item_368
item_369;śniadanie;word;games_routines;other;other;breakfast;;WS;item_369
item_370;obiad;word;games_routines;other;other;dinner;;WS;item_370
item_371;kolacja;word;games_routines;other;other;supper;;WS;item_371
item_372;siusiu/siku/sisi;word;games_routines;other;other;pee;;WS;item_372
item_373;kupka;word;games_routines;other;other;poo;;WS;item_373
item_374;kosi-kosi łapci;word;games_routines;other;other;;;WS;item_374
item_375;idzie rak nieborak;word;games_routines;other;other;;;WS;item_375
item_376;sroczka kaszkę warzyła;word;games_routines;other;other;;;WS;item_376
item_377;be;word;descriptive_words;predicates;adjectives;yucky;;WS;item_377
item_378;biały;word;descriptive_words;predicates;adjectives;white;;WS;item_378
item_379;brudny;word;descriptive_words;predicates;adjectives;dirty;;WS;item_379
item_380;brzydki;word;descriptive_words;predicates;adjectives;ugly;;WS;item_380
item_381;cacy/cacany;word;descriptive_words;predicates;adjectives;;;WS;item_381
item_382;chory;word;descriptive_words;predicates;adjectives;sick;;WS;item_382
item_383;ciepły;word;descriptive_words;predicates;adjectives;warm;;WS;item_383
item_384;ciężki;word;descriptive_words;predicates;adjectives;hard;;WS;item_384
item_385;czarny;word;descriptive_words;predicates;adjectives;black;;WS;item_385
item_386;czerwony;word;descriptive_words;predicates;adjectives;red;;WS;item_386
item_387;czysty;word;descriptive_words;predicates;adjectives;clean;;WS;item_387
item_388;dobry;word;descriptive_words;predicates;adjectives;good;;WS;item_388
item_389;duży;word;descriptive_words;predicates;adjectives;big;;WS;item_389
item_390;głodny;word;descriptive_words;predicates;adjectives;hungry;;WS;item_390
item_391;głupi;word;descriptive_words;predicates;adjectives;stupid;;WS;item_391
item_392;gorący;word;descriptive_words;predicates;adjectives;hot;;WS;item_392
item_393;kochany;word;descriptive_words;predicates;adjectives;dear;;WS;item_393
item_394;ładny;word;descriptive_words;predicates;adjectives;pretty;;WS;item_394
item_395;mały;word;descriptive_words;predicates;adjectives;small;;WS;item_395
item_396;mądry;word;descriptive_words;predicates;adjectives;smart;;WS;item_396
item_397;mokry;word;descriptive_words;predicates;adjectives;wet;;WS;item_397
item_398;(nie)grzeczny;word;descriptive_words;predicates;adjectives;naughty/polite;;WS;item_398
item_399;nowy;word;descriptive_words;predicates;adjectives;new;;WS;item_399
item_400;otwarty;word;descriptive_words;predicates;adjectives;open;;WS;item_400
item_401;piękny/śliczny;word;descriptive_words;predicates;adjectives;beautiful;;WS;item_401
item_402;pyszny;word;descriptive_words;predicates;adjectives;tasty;;WS;item_402
item_403;śpiący;word;descriptive_words;predicates;adjectives;sleepy;;WS;item_403
item_404;umyty;word;descriptive_words;predicates;adjectives;washed;;WS;item_404
item_405;zamknięty;word;descriptive_words;predicates;adjectives;closed;;WS;item_405
item_406;zdrowy;word;descriptive_words;predicates;adjectives;healthy;;WS;item_406
item_407;zepsuty;word;descriptive_words;predicates;adjectives;broken;;WS;item_407
item_408;zimny;word;descriptive_words;predicates;adjectives;cold;;WS;item_408
item_409;zmęczony;word;descriptive_words;predicates;adjectives;tired;;WS;item_409
item_410;boso/na bosaka;word;descriptive_words2;predicates;adverbs;barefoot;;WS;item_410
item_411;brzydko;word;descriptive_words2;predicates;adverbs;ugly;;WS;item_411
item_412;cicho;word;descriptive_words2;predicates;adverbs;quietly;;WS;item_412
item_413;ciemno;word;descriptive_words2;predicates;adverbs;dark;;WS;item_413
item_414;ciepło;word;descriptive_words2;predicates;adverbs;warm;;WS;item_414
item_415;dobrze;word;descriptive_words2;predicates;adverbs;well;;WS;item_415
item_416;głośno;word;descriptive_words2;predicates;adverbs;loudly;;WS;item_416
item_417;gorąco;word;descriptive_words2;predicates;adverbs;hot;;WS;item_417
item_418;ładnie;word;descriptive_words2;predicates;adverbs;prettily;;WS;item_418
item_419;mocno;word;descriptive_words2;predicates;adverbs;strongly;;WS;item_419
item_420;mokro;word;descriptive_words2;predicates;adverbs;wet;;WS;item_420
item_421;prędko/szybko;word;descriptive_words2;predicates;adverbs;quickly;;WS;item_421
item_422;zimno;word;descriptive_words2;predicates;adverbs;cold;;WS;item_422
item_423;bać się;word;action_words;predicates;verbs;be afraid of;;WS;item_423
item_424;bawić się;word;action_words;predicates;verbs;play;;WS;item_424
item_425;bić;word;action_words;predicates;verbs;beat;;WS;item_425
item_426;biec/biegać;word;action_words;predicates;verbs;run;;WS;item_426
item_427;boleć;word;action_words;predicates;verbs;hurt;;WS;item_427
item_428;budować;word;action_words;predicates;verbs;build;;WS;item_428
item_429;być (jest);word;action_words;predicates;verbs;be;;WS;item_429
item_430;całować;word;action_words;predicates;verbs;kiss;;WS;item_430
item_431;chcieć;word;action_words;predicates;verbs;want;;WS;item_431
item_432;chodzić (chodź);word;action_words;predicates;verbs;walk;;WS;item_432
item_433;ciąć;word;action_words;predicates;verbs;cut;;WS;item_433
item_434;cieszyć się;word;action_words;predicates;verbs;enjoy;;WS;item_434
item_435;czekać;word;action_words;predicates;verbs;wait;;WS;item_435
item_436;czesać;word;action_words;predicates;verbs;comb (action);;WS;item_436
item_437;czyścić;word;action_words;predicates;verbs;clean (action);;WS;item_437
item_438;czytać;word;action_words;predicates;verbs;read;;WS;item_438
item_439;dać;word;action_words;predicates;verbs;give;;WS;item_439
item_440;dmuchać;word;action_words;predicates;verbs;blow;;WS;item_440
item_441;dostać;word;action_words;predicates;verbs;get;;WS;item_441
item_442;drapać;word;action_words;predicates;verbs;scratch;;WS;item_442
item_443;dzwonić;word;action_words;predicates;verbs;call;;WS;item_443
item_444;gonić;word;action_words;predicates;verbs;chase;;WS;item_444
item_445;gotować;word;action_words;predicates;verbs;cook;;WS;item_445
item_446;grać;word;action_words;predicates;verbs;play;;WS;item_446
item_447;gryźć;word;action_words;predicates;verbs;bite;;WS;item_447
item_448;huśtać/bujać się;word;action_words;predicates;verbs;swing (action);;WS;item_448
item_449;iść/pójść;word;action_words;predicates;verbs;go;;WS;item_449
item_450;jechać/jeździć;word;action_words;predicates;verbs;ride;;WS;item_450
item_451;jeść;word;action_words;predicates;verbs;eat;;WS;item_451
item_452;kąpać się;word;action_words;predicates;verbs;bathe;;WS;item_452
item_453;kłaść/położyć;word;action_words;predicates;verbs;put;;WS;item_453
item_454;kochać;word;action_words;predicates;verbs;love;;WS;item_454
item_455;kopać;word;action_words;predicates;verbs;kick;;WS;item_455
item_456;krzyczeć/wołać;word;action_words;predicates;verbs;scream;;WS;item_456
item_457;kupić;word;action_words;predicates;verbs;buy;;WS;item_457
item_458;lać;word;action_words;predicates;verbs;pour;;WS;item_458
item_459;lecieć/latać;word;action_words;predicates;verbs;fly;;WS;item_459
item_460;leżeć;word;action_words;predicates;verbs;lie;;WS;item_460
item_461;lubić;word;action_words;predicates;verbs;like (action);;WS;item_461
item_462;malować;word;action_words;predicates;verbs;paint (action);;WS;item_462
item_463;mieć (ma);word;action_words;predicates;verbs;have;;WS;item_463
item_464;mieszkać;word;action_words;predicates;verbs;live;;WS;item_464
item_465;móc (może);word;action_words;predicates;verbs;be able/can;;WS;item_465
item_466;mówić/powiedzieć;word;action_words;predicates;verbs;speak/tell;;WS;item_466
item_467;musieć (musi);word;action_words;predicates;verbs;must;;WS;item_467
item_468;myć (się);word;action_words;predicates;verbs;clean (action);;WS;item_468
item_469;myśleć;word;action_words;predicates;verbs;think;;WS;item_469
item_470;naprawiać/reperować;word;action_words;predicates;verbs;repair;;WS;item_470
item_471;nazywać się;word;action_words;predicates;verbs;be called;;WS;item_471
item_472;nieść/nosić;word;action_words;predicates;verbs;carry;;WS;item_472
item_473;obudzić (się);word;action_words;predicates;verbs;wake up;;WS;item_473
item_474;oglądać/obejrzeć;word;action_words;predicates;verbs;watch (action);;WS;item_474
item_475;opowiadać;word;action_words;predicates;verbs;tell;;WS;item_475
item_476;otworzyć;word;action_words;predicates;verbs;open (action);;WS;item_476
item_477;palić (się);word;action_words;predicates;verbs;burn;;WS;item_477
item_478;patrzeć (patrz);word;action_words;predicates;verbs;look;;WS;item_478
item_479;pić;word;action_words;predicates;verbs;drink (action);;WS;item_479
item_480;pisać;word;action_words;predicates;verbs;write;;WS;item_480
item_481;pluć;word;action_words;predicates;verbs;spit;;WS;item_481
item_482;płakać;word;action_words;predicates;verbs;cry;;WS;item_482
item_483;podobać się;word;action_words;predicates;verbs;please;;WS;item_483
item_484;pokazać;word;action_words;predicates;verbs;show;;WS;item_484
item_485;pomóc;word;action_words;predicates;verbs;help;;WS;item_485
item_486;pożyczyć;word;action_words;predicates;verbs;borrow/lend;;WS;item_486
item_487;pracować;word;action_words;predicates;verbs;work (action);;WS;item_487
item_488;prać;word;action_words;predicates;verbs;launder;;WS;item_488
item_489;prasować;word;action_words;predicates;verbs;iron;;WS;item_489
item_490;prosić;word;action_words;predicates;verbs;please;;WS;item_490
item_491;przyjść;word;action_words;predicates;verbs;come;;WS;item_491
item_492;przykryć;word;action_words;predicates;verbs;cover (action);;WS;item_492
item_493;przynieść;word;action_words;predicates;verbs;bring;;WS;item_493
item_494;puścić;word;action_words;predicates;verbs;release;;WS;item_494
item_495;robić;word;action_words;predicates;verbs;do;;WS;item_495
item_496;rozmawiać;word;action_words;predicates;verbs;talk;;WS;item_496
item_497;rysować;word;action_words;predicates;verbs;draw;;WS;item_497
item_498;rzucać;word;action_words;predicates;verbs;throw;;WS;item_498
item_499;schować;word;action_words;predicates;verbs;hide;;WS;item_499
item_500;siedzieć;word;action_words;predicates;verbs;sit;;WS;item_500
item_501;skakać;word;action_words;predicates;verbs;jump;;WS;item_501
item_502;skończyć;word;action_words;predicates;verbs;end;;WS;item_502
item_503;słyszeć/słuchać;word;action_words;predicates;verbs;hear/listen;;WS;item_503
item_504;spać;word;action_words;predicates;verbs;sleep;;WS;item_504
item_505;sprzątać;word;action_words;predicates;verbs;clean up;;WS;item_505
item_506;stać;word;action_words;predicates;verbs;stand;;WS;item_506
item_507;stukać/pukać;word;action_words;predicates;verbs;knock;;WS;item_507
item_508;szukać;word;action_words;predicates;verbs;look for;;WS;item_508
item_509;szyć;word;action_words;predicates;verbs;sew;;WS;item_509
item_510;śmiać się;word;action_words;predicates;verbs;laugh;;WS;item_510
item_511;śpiewać;word;action_words;predicates;verbs;sing;;WS;item_511
item_512;tańczyć;word;action_words;predicates;verbs;dance;;WS;item_512
item_513;trzymać;word;action_words;predicates;verbs;hold;;WS;item_513
item_514;ubrać (się);word;action_words;predicates;verbs;get dressed;;WS;item_514
item_515;uciekać;word;action_words;predicates;verbs;run away;;WS;item_515
item_516;uczyć się;word;action_words;predicates;verbs;learn;;WS;item_516
item_517;umieć;word;action_words;predicates;verbs;be able/can;;WS;item_517
item_518;upaść/spaść;word;action_words;predicates;verbs;fall;;WS;item_518
item_519;usiąść/siadać;word;action_words;predicates;verbs;sit down;;WS;item_519
item_520;uściskać/ukochać;word;action_words;predicates;verbs;hug;;WS;item_520
item_521;wiązać;word;action_words;predicates;verbs;tie;;WS;item_521
item_522;widzieć/zobaczyć;word;action_words;predicates;verbs;see;;WS;item_522
item_523;wiedzieć;word;action_words;predicates;verbs;know;;WS;item_523
item_524;włożyć/założyć;word;action_words;predicates;verbs;put;;WS;item_524
item_525;wstawać;word;action_words;predicates;verbs;stand up;;WS;item_525
item_526;wyrzucić;word;action_words;predicates;verbs;throw away;;WS;item_526
item_527;wytrzeć;word;action_words;predicates;verbs;wipe;;WS;item_527
item_528;zamiatać;word;action_words;predicates;verbs;sweep;;WS;item_528
item_529;zamknąć;word;action_words;predicates;verbs;close (action);;WS;item_529
item_530;zapiąć;word;action_words;predicates;verbs;button up;;WS;item_530
item_531;zaświecić/zapalić;word;action_words;predicates;verbs;light (action);;WS;item_531
item_532;zdjąć/ściągnąć;word;action_words;predicates;verbs;take off;;WS;item_532
item_533;zepsuć;word;action_words;predicates;verbs;break;;WS;item_533
item_534;zgubić;word;action_words;predicates;verbs;lose;;WS;item_534
item_535;złamać;word;action_words;predicates;verbs;break;;WS;item_535
item_536;złapać;word;action_words;predicates;verbs;catch;;WS;item_536
item_537;zmęczyć się;word;action_words;predicates;verbs;get tired;;WS;item_537
item_538;znać;word;action_words;predicates;verbs;know;;WS;item_538
item_539;znaleźć;word;action_words;predicates;verbs;find;;WS;item_539
item_540;zostać;word;action_words;predicates;verbs;stay;;WS;item_540
item_541;(nie) da się;word;action_words;predicates;verbs;;;WS;item_541
item_542;nie ma;word;action_words;predicates;verbs;;;WS;item_542
item_543;(nie) można;word;action_words;predicates;verbs;;;WS;item_543
item_544;(nie) trzeba;word;action_words;predicates;verbs;;;WS;item_544
item_545;(nie) wolno;word;action_words;predicates;verbs;;;WS;item_545
item_546;tu;word;locations;function_words;function_words;there;;WS;item_546
item_547;tam;word;locations;function_words;function_words;;;WS;item_547
item_548;tędy;word;locations;function_words;function_words;this way;;WS;item_548
item_549;stąd;word;locations;function_words;function_words;from here;;WS;item_549
item_550;daleko;word;locations;function_words;function_words;far;;WS;item_550
item_551;blisko;word;locations;function_words;function_words;near;;WS;item_551
item_552;wysoko;word;locations;function_words;function_words;high;;WS;item_552
item_553;nisko;word;locations;function_words;function_words;low;;WS;item_553
item_554;na górę/na górze;word;locations;function_words;function_words;up;;WS;item_554
item_555;na dół/na dole;word;locations;function_words;function_words;down;;WS;item_555
item_556;z tyłu/do tyłu;word;locations;function_words;function_words;back (location)/backwards;;WS;item_556
item_557;z przodu/do przodu;word;locations;function_words;function_words;in front of/forward;;WS;item_557
item_558;w środku;word;locations;function_words;function_words;inside;;WS;item_558
item_559;gdzieś;word;locations;function_words;function_words;somewhere;;WS;item_559
item_560;nigdzie;word;locations;function_words;function_words;nowhere;;WS;item_560
item_561;wszędzie;word;locations;function_words;function_words;everywhere;;WS;item_561
item_562;już/już nie;word;time_words;other;other;;;WS;item_562
item_563;jeszcze/jeszcze nie;word;time_words;other;other;;;WS;item_563
item_564;teraz;word;time_words;other;other;now;;WS;item_564
item_565;zaraz;word;time_words;other;other;soon;;WS;item_565
item_566;potem/później;word;time_words;other;other;later;;WS;item_566
item_567;znowu/znów;word;time_words;other;other;again;;WS;item_567
item_568;kiedyś;word;time_words;other;other;once;;WS;item_568
item_569;nigdy;word;time_words;other;other;never;;WS;item_569
item_570;zawsze;word;time_words;other;other;always;;WS;item_570
item_571;czasem;word;time_words;other;other;sometimes;;WS;item_571
item_572;dzisiaj/dziś;word;time_words;other;other;today;;WS;item_572
item_573;jutro;word;time_words;other;other;tomorrow;;WS;item_573
item_574;wczoraj;word;time_words;other;other;yesterday;;WS;item_574
item_575;rano;word;time_words;other;other;in the morning;;WS;item_575
item_576;wieczorem;word;time_words;other;other;in the evening;;WS;item_576
item_577;noc/w nocy;word;time_words;other;other;night/at night;;WS;item_577
item_578;dzień;word;time_words;other;other;day;;WS;item_578
item_579;godzina;word;time_words;other;other;hour;;WS;item_579
item_580;dużo;word;quantifiers;function_words;function_words;a lot;;WS;item_580
item_581;mało;word;quantifiers;function_words;function_words;a little;;WS;item_581
item_582;trochę/troszkę;word;quantifiers;function_words;function_words;some;;WS;item_582
item_583;tyle;word;quantifiers;function_words;function_words;that much;;WS;item_583
item_584;więcej;word;quantifiers;function_words;function_words;more;;WS;item_584
item_585;jeszcze;word;quantifiers;function_words;function_words;more;;WS;item_585
item_586;wszystko/wszyscy;word;quantifiers;function_words;function_words;all;;WS;item_586
item_587;inny;word;quantifiers;function_words;function_words;different/another/other;;WS;item_587
item_588;drugi;word;quantifiers;function_words;function_words;second;;WS;item_588
item_589;cały;word;quantifiers;function_words;function_words;whole;;WS;item_589
item_590;bardzo;word;quantifiers;function_words;function_words;very;;WS;item_590
item_591;tylko;word;quantifiers;function_words;function_words;only;;WS;item_591
item_592;sam/sama;word;quantifiers;function_words;function_words;alone;;WS;item_592
item_593;razem;word;quantifiers;function_words;function_words;together;;WS;item_593
item_594;też;word;quantifiers;function_words;function_words;too;;WS;item_594
item_595;dosyć/dość;word;quantifiers;function_words;function_words;enough;;WS;item_595
item_596;za (np. za dużo);word;quantifiers;function_words;function_words;too;;WS;item_596
item_597;każdy;word;quantifiers;function_words;function_words;every;;WS;item_597
item_598;niektóry;word;quantifiers;function_words;function_words;some;;WS;item_598
item_599;żaden;word;quantifiers;function_words;function_words;none;;WS;item_599
item_600;ja/mnie/mi;word;pronouns;function_words;function_words;I;;WS;item_600
item_601;ty/cię/ci;word;pronouns;function_words;function_words;you;;WS;item_601
item_602;on/go/mu;word;pronouns;function_words;function_words;he;;WS;item_602
item_603;ona/ją/jej;word;pronouns;function_words;function_words;she;;WS;item_603
item_604;my/nas/nam;word;pronouns;function_words;function_words;we;;WS;item_604
item_605;wy/was/wam;word;pronouns;function_words;function_words;you;;WS;item_605
item_606;oni/one/ich/je/im;word;pronouns;function_words;function_words;them;;WS;item_606
item_607;się;word;pronouns;function_words;function_words;;;WS;item_607
item_608;sobie;word;pronouns;function_words;function_words;myself;;WS;item_608
item_609;mój;word;pronouns2;function_words;function_words;my;;WS;item_609
item_610;twój;word;pronouns2;function_words;function_words;your;;WS;item_610
item_611;jego;word;pronouns2;function_words;function_words;his;;WS;item_611
item_612;jej;word;pronouns2;function_words;function_words;her;;WS;item_612
item_613;nasz;word;pronouns2;function_words;function_words;our;;WS;item_613
item_614;wasz;word;pronouns2;function_words;function_words;your;;WS;item_614
item_615;ich;word;pronouns2;function_words;function_words;their;;WS;item_615
item_616;swój;word;pronouns2;function_words;function_words;;;WS;item_616
item_617;to;word;pronouns3;function_words;function_words;this;;WS;item_617
item_618;coś;word;pronouns3;function_words;function_words;something;;WS;item_618
item_619;ktoś;word;pronouns3;function_words;function_words;someone;;WS;item_619
item_620;nic;word;pronouns3;function_words;function_words;nothing;;WS;item_620
item_621;nikt;word;pronouns3;function_words;function_words;nobody;;WS;item_621
item_622;ten;word;pronouns3;function_words;function_words;this;;WS;item_622
item_623;tamten;word;pronouns3;function_words;function_words;that;;WS;item_623
item_624;taki;word;pronouns3;function_words;function_words;such;;WS;item_624
item_625;jakiś;word;pronouns3;function_words;function_words;;;WS;item_625
item_626;co to?/co to jest?;word;question_words;function_words;function_words;what is this?;;WS;item_626
item_627;co?;word;question_words;function_words;function_words;what;;WS;item_627
item_628;co robi?;word;question_words;function_words;function_words;;;WS;item_628
item_629;kto?;word;question_words;function_words;function_words;who;;WS;item_629
item_630;czyj?;word;question_words;function_words;function_words;whose;;WS;item_630
item_631;gdzie?;word;question_words;function_words;function_words;where;;WS;item_631
item_632;kiedy?;word;question_words;function_words;function_words;when;;WS;item_632
item_633;jak?;word;question_words;function_words;function_words;how;;WS;item_633
item_634;dlaczego?/czemu?;word;question_words;function_words;function_words;why;;WS;item_634
item_635;po co?/na co?;word;question_words;function_words;function_words;for what;;WS;item_635
item_636;jaki?;word;question_words;function_words;function_words;;;WS;item_636
item_637;który?;word;question_words;function_words;function_words;which;;WS;item_637
item_638;ile?;word;question_words;function_words;function_words;how much;;WS;item_638
item_639;chyba;word;modal_adverbs;predicates;modal_adverbs;maybe;;WS;item_639
item_640;może;word;modal_adverbs;predicates;modal_adverbs;perhaps;;WS;item_640
item_641;na pewno;word;modal_adverbs;predicates;modal_adverbs;for sure;;WS;item_641
item_642;naprawdę;word;modal_adverbs;predicates;modal_adverbs;really;;WS;item_642
item_643;pewnie;word;modal_adverbs;predicates;modal_adverbs;surely;;WS;item_643
item_644;przecież;word;modal_adverbs;predicates;modal_adverbs;though;;WS;item_644
item_645;w ogóle;word;modal_adverbs;predicates;modal_adverbs;at all;;WS;item_645
item_646;właśnie;word;modal_adverbs;predicates;modal_adverbs;exactly;;WS;item_646
item_647;bez (np. bez czapki);word;prepositions;predicates;prepositions;without;;WS;item_647
item_648;dla (np. dla mamy);word;prepositions;predicates;prepositions;for;;WS;item_648
item_649;do (np. do pracy, do babci);word;prepositions;predicates;prepositions;to;;WS;item_649
item_650;na (np. na stole);word;prepositions;predicates;prepositions;on;;WS;item_650
item_651;koło/obok (np. koło szafy, obok taty);word;prepositions;predicates;prepositions;next to;;WS;item_651
item_652;o (np. o kotku);word;prepositions;predicates;prepositions;about;;WS;item_652
item_653;od (np. od wujka);word;prepositions;predicates;prepositions;from;;WS;item_653
item_654;po (np. po lesie, po wodę);word;prepositions;predicates;prepositions;;;WS;item_654
item_655;pod (np.pod stołem);word;prepositions;predicates;prepositions;under;;WS;item_655
item_656;przed (np. przed sklepem, przed obiadem);word;prepositions;predicates;prepositions;in front of;;WS;item_656
item_657;u (np. u cioci);word;prepositions;predicates;prepositions;at;;WS;item_657
item_658;w (np. w kuchni);word;prepositions;predicates;prepositions;in;;WS;item_658
item_659;za (np. za szafą);word;prepositions;predicates;prepositions;behind;;WS;item_659
item_660;z (np. z tatusiem, z cukrem);word;prepositions;predicates;prepositions;with;;WS;item_660
item_661;z (np. z łazienki);word;prepositions;predicates;prepositions;from;;WS;item_661
item_662;a;word;connecting_words;function_words;conjunctions;;;WS;item_662
item_663;albo;word;connecting_words;function_words;conjunctions;or;;WS;item_663
item_664;ale;word;connecting_words;function_words;conjunctions;but;;WS;item_664
item_665;bo;word;connecting_words;function_words;conjunctions;because;;WS;item_665
item_666;i;word;connecting_words;function_words;conjunctions;and;;WS;item_666
item_667;jak - (to);word;connecting_words;function_words;conjunctions;if - (then);;WS;item_667
item_668;tylko;word;connecting_words;function_words;conjunctions;but;;WS;item_668
item_669;że;word;connecting_words;function_words;conjunctions;that;;WS;item_669
item_670;żeby;word;connecting_words;function_words;conjunctions;in order to;;WS;item_670
item_674;Czy dziecko zaczęło już łączyć wyrazy? Czy tworzy takie zadania jak np. „am”, „da mleko”, „tu kotek”, „mama śpi”?;combine;;;;;;WS;item_671
item_1;lalk<b><u>i</u></b>, piłk<b><u>i</u></b>, cioc<b><u>i</u></b>;noun;form;;;;;PILOT-GRAM-1;item_672
item_2;lalc<b><u>e</u></b>, piłc<b><u>e</u></b>, mami<b><u>e</u></b>;noun;form;;;;;PILOT-GRAM-1;item_673
item_3;lalk<b><u>ę</u></b>, piłk<b><u>ę</u></b>, cioci<b><u>ę</u></b>;noun;form;;;;;PILOT-GRAM-1;item_674
item_4;lalk<b><u>ą</u></b>, piłk<b><u>ą</u></b>, mam<b><u>ą</u></b>;noun;form;;;;;PILOT-GRAM-1;item_675
item_4a;cioc<u><b>i</u></b>, babc<u><b>i</u></b>, stacj<u><b>i</u></b>;noun;form;;;;;PILOT-GRAM-1;item_676
item_5;ps<b><u>a</u></b>, jajk<b><u>a</u></b>, kubk<b><u>a</u></b>;noun;form;;;;;PILOT-GRAM-1;item_677
item_5a;ps<b><u>u</u></b>, aut<b><u>u</u></b>, jajk<b><u>u</u></b>;noun;form;;;;;PILOT-GRAM-1;item_678
item_6;kotk<b><u>owi</u></b>, klock<b><u>owi</u></b>, rowerk<b><u>owi</u></b>;noun;form;;;;;PILOT-GRAM-1;item_679
item_7;ps<b><u>em</u></b>, aut<b><u>em</u></b>, rowerki<b><u>em</u></b>;noun;form;;;;;PILOT-GRAM-1;item_680
item_8;kotk<b><u>u</u></b>, dom<b><u>u</u></b>, rowerk<b><u>u</u></b>;noun;form;;;;;PILOT-GRAM-1;item_681
item_9;ps<b><u>ie</u></b>, auc<b><u>ie</u></b>, banan<b><u>ie</u></b>;noun;form;;;;;PILOT-GRAM-1;item_682
item_10;Gdy chcemy powiedzieć, że kogoś lub czegoś nie ma, mówimy „Nie ma... (np. <u>mamy/pieska/auta</u>)”. Czy twoje dziecko tak mówi?;noun;context;;;;;PILOT-GRAM-1;item_683
item_11;Gdy chcemy powiedzieć, o tym dokąd idziemy, mówimy „Idziemy do... (np. <u>babci/domku/przedszkola</u>)” Czy twoje dziecko tak mówi?;noun;context;;;;;PILOT-GRAM-1;item_684
item_12;Gdy chcemy powiedzieć, o tym czego się boimy, mówimy „Boję się... (np. <u>potworów/osy/pająka</u>)”. Czy twoje dziecko tak mówi?;noun;context;;;;;PILOT-GRAM-1;item_685
item_13;Gdy chcemy powiedzieć o dawaniu komuś zabawki, mówimy „Dam zabawkę... (np. <u>dziadkowi/mamusi/psu</u>)”. Czy twoje dziecko tak mówi?;noun;context;;;;;PILOT-GRAM-1;item_686
item_14;Gdy chcemy powiedzieć, o tym co chcemy zjeść, mówimy „Chcę... (np. <u>kanapkę/klocki/jajko</u>)”. Czy twoje dziecko tak mówi?;noun;context;;;;;PILOT-GRAM-1;item_687
item_15;Gdy chcemy powiedzieć o myciu czegoś, mówimy „Myję... (np. <u>buzię/ząbki/ręce</u>)”. Czy twoje dziecko tak mówi?;noun;context;;;;;PILOT-GRAM-1;item_688
item_17;Gdy chcemy powiedzieć o tym, czym jedziemy, mówimy „Jedziemy... (np. <u>autem/karocą/autobusem</u>)”. Czy twoje dziecko tak mówi?;noun;context;;;;;PILOT-GRAM-1;item_689
item_18;Gdy chcemy powiedzieć o tym, czym się bawimy, mówimy „Bawię się... (np. <u>klockami/lalką/autem</u>)”. Czy twoje dziecko tak mówi?;noun;context;;;;;PILOT-GRAM-1;item_690
item_19;Gdy chcemy powiedzieć, o tym, gdzie ktoś jest, mówimy „[Ktoś] jest w... (np. <u>w domku/w pracy/w sklepie</u>)”. Czy twoje dziecko tak mówi?;noun;context;;;;;PILOT-GRAM-1;item_691
item_20;Gdy chcemy powiedzieć, o czym jest bajka, mówimy „Bajka jest o... (np.  <u>autach/księżniczce/piesku</u>)”. Czy twoje dziecko tak mówi?;noun;context;;;;;PILOT-GRAM-1;item_692
item_21;Czy Twoje dziecko opowiada o wydarzeniach z przeszłości oraz o rzeczach i osobach, które pamięta? Np. jeśli w zeszłym tygodniu byliście z rodziną nad jeziorem, może później mówi „rybki”, „wujek”, „pływa”?;deixis;deixis;;;;;PILOT-GRAM-1;item_693
item_22;Czy Twoje dziecko mówi o tym, co będzie się działo w przyszłości, np. mówi „auto”, zanim wyruszycie w podróż, lub „babcia”, kiedy babcia ma Was odwiedzić?;deixis;deixis;;;;;PILOT-GRAM-1;item_694
item_23;Czy Twoje dziecko <u>rozumie</u>, gdy rozmawiacie o czymś, co jest poza zasięgiem wzroku, np. pytacie „Gdzie jest kubek”, a ono idzie do kuchni i przynosi kubek?;deixis;deixis;;;;;PILOT-GRAM-1;item_695
item_24;Czy Twoje dziecko <u>mówi</u> o czymś lub kimś, co/kto jest poza zasięgiem wzroku, np. o zgubionej zabawce lub o osobie, która jest nieobecna?;deixis;deixis;;;;;PILOT-GRAM-1;item_696
item_25;Czy Twoje dziecko pokazuje na przedmiot należący do danej osoby i przypisuje tę rzecz osobie, np. pokazuje na buty taty i mówi „tata”?;deixis;deixis;;;;;PILOT-GRAM-1;item_697
item_26;Gdy mówimy, o tym co działo się w przeszłości, używamy form takich jak <u><i>zjadłem/zjadłam</i></u>, <u><i>bawiłeś/bawiłaś się</i></u>, <u><i>czytaliśmy/czytałyśmy</i></u>, <u><i>rysowaliście/rysowałyście</i></u>... Czy Twoje dziecko tak mówi?;verb;tense;;;;;PILOT-GRAM-1;item_698
item_27;Gdy mówimy o tym, co będzie się działo w przyszłości, możemy używać słów takich jak <u><i>narysuję</i></u>, <u><i>zjesz</i></u>, <u><i>umyje</i></u>, <u><i>zagramy</i></u>, <u><i>przeczytacie</i></u>... Czy Twoje dziecko tak mówi?;verb;tense;;;;;PILOT-GRAM-1;item_699
item_28;Gdy mówimy o tym, co będzie się działo w przyszłości, możemy używać wyrażeń takich jak <u><i>będę rysować</i></u>, <u><i>będziesz jeść</i></u>, <u><i>będzie się myć</i></u>, <u><i>będziemy grać</i></u>, <u><i>będziecie czytać</i></u>... Czy Twoje dziecko tak mówi?;verb;tense;;;;;PILOT-GRAM-1;item_700
item_29;...robi, czy mówi <u><i>chcę / jem / gram / rysuję / piję</i></u> itp.?;verb;person;;;;;PILOT-GRAM-1;item_701
item_30;...Ty robisz, czy mówi <u><i>chcesz / jesz / grasz / rysujesz / tańczysz</i></u> itp.?;verb;person;;;;;PILOT-GRAM-1;item_702
item_31;...robi ktoś inny, czy mówi <u><i>chce / je / gra / czyta / idzie / tańczy / płacze</i></u> itp.?;verb;person;;;;;PILOT-GRAM-1;item_703
item_32;...robicie wspólnie, czy mówi <u><i>jedziemy / idziemy / robimy / gramy / jemy</i></u> itp.?;verb;person;;;;;PILOT-GRAM-1;item_704
item_33;...Ty robisz z innymi, czy mówi <u><i>chcecie / gracie / czytacie / idziecie</i></u> itp.?;verb;person;;;;;PILOT-GRAM-1;item_705
item_34;...robią inni, czy mówi <u><i>stoją / biegają / grają / jedzą</i></u> itp.?;verb;person;;;;;PILOT-GRAM-1;item_706
item_2;A. Przyjedzie ciocia. Będziemy się bawić.%B. Przyjedzie ciocia i będziemy się bawić.;alternatives;grupa1;;;;;CDI3;item_707
item_19;A. Mam worek.%B. Mam worek z butami.;alternatives;grupa1;;;;;CDI3;item_708
item_13;A. Tata przyjdzie. Nakarmi kota.%B. Jak tata przyjdzie, to nakarmi kota.;alternatives;grupa1;;;;;CDI3;item_709
item_3;A. Babcia przyjedzie.%B. Babcia powiedziała, że przyjedzie.;alternatives;grupa1;;;;;CDI3;item_710
item_5;A. Myję nogi. Będą czyste.%B. Myję nogi, żeby były czyste.;alternatives;grupa1;;;;;CDI3;item_711
item_15;A. Braciszek zrobił kanapkę. Braciszek jej nie je.%B. Braciszek zrobił kanapkę, ale jej nie je.;alternatives;grupa1;;;;;CDI3;item_712
item_1;A. Mama śpi.%B. Mama śpi, bo jest zmęczona.;alternatives;grupa1;;;;;CDI3;item_713
item_16;A. Tata lubi pierogi.%B. Tata powiedział, że lubi pierogi.;alternatives;grupa1;;;;;CDI3;item_714
item_21;A. Odkręć wodę.%B. Odkręć wodę, żebym umył(-a) rączki.;alternatives;grupa2;;;;;CDI3;item_715
item_4;A. Pada deszcz i nie wyjdziemy.%B. Nie wyjdziemy, bo pada deszcz.;alternatives;grupa2;;;;;CDI3;item_716
item_9;A. Będzie ciepło. Pójdę na spacer.%B. Pójdę na spacer, jeśli będzie ciepło.;alternatives;grupa2;;;;;CDI3;item_717
item_8;A. Babcia dała mi książeczkę. Oglądam książeczkę.%B. Oglądam książeczkę, którą dała mi babcia.;alternatives;grupa2;;;;;CDI3;item_718
item_11;A. Będzie padać. Zostaniemy w domu.%B. Jeśli będzie padać, zostaniemy w domu.;alternatives;grupa2;;;;;CDI3;item_719
item_12;A. Jest ładna pogoda i pójdziemy na spacer.%B. Jest ładna pogoda, więc pójdziemy na spacer.;alternatives;grupa2;;;;;CDI3;item_720
item_6;A. Wracałem(-am) do domu. Widziałem(-am) kolegę.%B. Wracając do domu, widziałem(-am) kolegę.;alternatives;grupa2;;;;;CDI3;item_721
item_14;A. Jechałem(-am) do przedszkola i śpiewałem(-am) piosenkę.%B. Jadąc do przedszkola, śpiewałem(-am) piosenkę.;alternatives;grupa2;;;;;CDI3;item_722
item_32;Czy Twoje dziecko używa form rzeczowników odpowiadających na pytania „o/na/w kim? czym?”, zakończonych na „-ach”, np. „o zabawkach”, „na drzewach”?;yesNo;wprost;;;;;CDI3;item_723
item_24;Czy Twoje dziecko używa słowa „bo” („ponieważ”), żeby połączyć dwa zdania, np. „Nie wyjdziemy, bo pada deszcz”?;yesNo;wprost;;;;;CDI3;item_724
item_35;Czy Twoje dziecko opowiada o tym, co ktoś powiedział, mówiąc „... powiedział(a), że...”?;yesNo;wprost;;;;;CDI3;item_725
item_29;Czy Twoje dziecko używa słowa „jak” i/lub „kiedy”, by łączyć dwa zdania, np. „Jak wrócę do domu, to zjem obiad”?;yesNo;wprost;;;;;CDI3;item_726
item_25;Czy Twoje dziecko używa słowa „ale”, żeby połączyć dwa zdania, np. „Szukam misia, ale nie mogę go znaleźć”?;yesNo;wprost;;;;;CDI3;item_727
item_33;Czy Twoje dziecko używa słowa „żeby” („aby”) w zdaniach takich jak „Myję nogi, żeby były czyste”?;yesNo;wprost;;;;;CDI3;item_728
item_22;Czy Twoje dziecko używa słów „która”, „które” („co”) itp., żeby połączyć dwa zdania, np. „Jem ciasto, które zrobiła mama”?;yesNo;wprost;;;;;CDI3;item_729
item_27;Czy Twoje dziecko używa słów „żebym”, „żebyś”, „abym”, „abyś” itp. w zdaniach takich jak: „Chcę, żebyś narysowała misia”, „Zapal światło, abym mógł widzieć”?;yesNo;wprost;;;;;CDI3;item_730
